index,address
0,0xCe03FE05f4a35F2E825479D41480978cf9dFb9df
1,0xaf6207764cD8140781F7C4f4a143097Ee40D41BC
2,0xB6C9835B6aF13B11A7e57049F81824e21f54B7AA
3,0xeC751259d4B54DF5ba8ec26d7401BDdF2a666352
4,0xD3D6e491fF5C4Cca7B54893eE49C1C892628a07D
5,0xF66683CB89F5e456fDF43206B4e9Bd55EF33b2f4
6,0x0647d13a887909D1239cC85806C5f0BDF8868dA6
7,0xb063F4838C810C6AECE82827fb8F38F6F8dFbc77
8,0x70c9C22537D9590c0d56133E14109B03Bb36cfa4
9,0x628CFC70d5d705107C2fe961A90125b800b6B3E7
10,0x3D139A6aC2b4Ba5832202E6fA6D38F9bf7E91058
11,0xc887F423F2B91e0BeFC9F63703eF59df1E886013
12,0x735B036A32587977099AD9E24063941f08432b28
13,0xF353858c77E5a2eACebA9B18F7A99c4867713135
14,0xb0f5da38E7E2ee683a2332d4Fad49DbDe08FCe3d
15,0xF276Ff6c0ca120f69bE9573aaa690CD493b3510B
16,0x345cfCCF3e0c8959e81e4d9D6ea7b96913A284c8
17,0x1E3530A04ebA3b88cD3c5Fc355898efDbfdD791E
18,0xCf03f392836290a12926741FCD3EeD90925DEF6B
19,0x44E709d2a2FC6DAeDA6f85F0fa269D8AF41f460C
20,0x4315873f5113DC3108758CC6C682Ad6D4b541497
21,0xbB19b045509EB33d1A256c689C33bFa238B8A0Bf
22,0xCc49D91c93f19403668e6330974037e77Ba987ed
23,0x58B52252ABA540dA8F9bed891f891395dCA84967
24,0x78c2d7377F5d47963aba470Cd8A31a7824151Dda
25,0x5E14233dE7ad18C79f67317A0053611714D7237e
26,0x2ADD5A52CBf10AecCa623AC7D819Ec4316beb0b1
27,0xD89c0Bcea7bFFb7ea5fc9218F63d77FfAd232778
28,0x6E1f837F5FA92F48B61512c6B6e06646e9C59131
29,0x13444728870c406ea62d7563106ffE5dE5205Fc8
30,0x8f32DE0eb3eBF7C58dDE5465Cf3a32876B5e01Cf
31,0x15cCbC814f794A1227cB5897ae17235d69b781f6
32,0x5D34E24De0dd6bc3eDa0026992D8fe65bb27644C
33,0x05c1813C04C96905c27f965ed8CAcC598E1D3EbF
34,0x6da1aA0f479F0A5655516d29c15107Ea08Bc5361
35,0xd5C4Eb68e55bfeC7FebA27c07712859eF61BD7f4
36,0x30de1968DF5Cb057e5b611B0A4A31B0765bDd0b2
37,0xc2a975CaE55238BcC700a619EBcb6e36CA60eF41
38,0x4c22ac78760239DD8d7FC6f0ee586f35a47851cD
39,0x89438aA4627f6C74245f0C5Db9bb2d5a9688AD13
40,0xEa8916BE2F2FFF271D41B63b024c825c90efA6e7
41,0xB40F40e0F89B3E406A3CD7f712957851ffb1266f
42,0x48924202A1d4fC7feD380a9Ff9E9e7335C42713c
43,0x4188B0B966CEd47D3218Af7487715b483bc45560
44,0xf7D8427EC8e11e4cDd960F973F4B07d750f5d602
45,0x0Bf618a3AF1baf8A36dBA4599bBd23F70BC1D9D2
46,0x6E6d5DBa90c5ef794b36C10Ab9922355D77b4dba
47,0xF98e8D90Cb430E538D0378b5DeC862554755B3F4
48,0x8eDC441FEc28f170Ba9ae605E999630C3bf29054
49,0x31659745695e0a281AB76461389c659154834772
50,0x836aa411D089Ed2dCC68FD7D6ad9860B0B3e6018
51,0xd6166242065641c48933cc6Dc8D1c349f4B354be
52,0x6E3Ee8FF63d55B59AF90f6d0267Efbbc8F782Ecc
53,0x067ffA09951Ca5e79e5f0DaAD5C63287d3df0439
54,0xBD8b1Fb57378d0f8D03AccbD9325d96CbFe3A1Ab
55,0xfbA2700832096a54B44A3a95a3b6Db3bcd715509
56,0x1e4c58D6e369fb5aD4bc7716Fd1C18c9a5e93D4B
57,0x289ccCb4b9d6a73Cd2F0cDBC889f055CDd7bAC25
58,0xbb4cbcf6CC1d34Bc2132447B6AE8386aa3868541
59,0x387F5793599179f4Db33dE5d2DF07d727Dd40bD1
60,0x80BBb1B1343BAFe669d6c8ed53e355e02eD9d7c6
61,0x0b9aD3B3500F8Ed94b803316C4D1423B97c90728
62,0x6986eAedE82d09D6cFd7e4C6930868FB981629f4
63,0xb15928802854b1d16cC0B94fC48BcB440bb021e6
64,0xD986B778511FAB53BB924b272fbf763E3D84e52F
65,0xbD2A5CeD0D09a516daF7a83D20825C84c511c4Be
66,0x18Ae062d2E59Ec781f72A97F6bAc141ca6f7Fe0A
67,0xD22a6AB872B83c2D1805F7d708B1e370192b6fA6
68,0x5Af5F8c4d4aA9fE0AD2f8bfc590D4a52E7879CB2
69,0xedAf67B0BE002E72a975A97160D7F5827a3e165B
70,0x5d189E6e73270cA3f7d23F1778920a83fa302a53
71,0x192F105D16CaDae215e903a94209e5f0ED76A68B
72,0x49F34754ef1614cb557B74C199527d58dd3e3759
73,0x79c08c7fcBDbb6869bD493EA8AcF23E5101bEba0
74,0x989f7CE9141EDc9186ba260552b0A80519b73A4d
75,0xc10860e117E640672bb4aA56De6051c29E21C904
76,0x9781CC4c311AB93515DB79c71871B17643951405
77,0xbC442b3EAe735cb0075005B24450f4CF2bd0eE8b
78,0x6bf8939AcC19426Df1a73Cc0F500aa36CB73ea93
79,0xB5F2B64d81B7dA500BF7dEb87DcA7C40e473412c
80,0xDF201aDf83DF42B50168fc815FeA65c3180C1545
81,0xb8984f928dbFB6422eF42230D9a906313E62AcBE
82,0x844a2E6689a74f4EEBeeF585237325680C9Fc80d
83,0xd117b9B43d267bABC76a34B034d3e55Fb6138f93
84,0xf41A024029D7D2f68e8a1433e20605747449F993
85,0x781E3adA75B3f9c9A9cf6e42826A9cb242021f3c
86,0x17d1E1BAc62FdE26Ef5736B2bd24CE0c174a1669
87,0x0d93acAdB2d4fdf4E1f7430ae579Fd654771864E
88,0xDc1416b0e0dF0059D11E399F9eFfc7AaE2c0DC26
89,0xf8fda7d2684c02F3E716e16A00E2F283285990B2
90,0xc0Ab65f7A6956Bb0E53F870D85C94622764bd1Ed
91,0xc02504B9a1E3e56718522D97e51C67d6e1270DaC
92,0xf073733355931eA5E16F182a1769B99017645BEb
93,0xEEf934130d27cFA3a60228a7B64ad3dD6b97eda7
94,0x30Fea5A0437641706E2D350B4f21995BDA4187b5
95,0x593496E367729777d0defB891d762aE6867dB0A4
96,0xB3b21F85EfeB5C1C9E618cAf3e419c6536b8DCFF
97,0x9C28b34b1806E72C6Ad4c5b19E29f338d992d060
98,0xa2E0B3b42D724B906476811F722326A2EEAD5CeC
99,0x0b7c9208C166f00bdBbCa83Ab048EFcb3E4D215E